train_id,train_no
1,G1215
2,G1239
3,G1263
4,G1277
5,G1281
6,G1285
7,G1289
8,G1293
9,G1297
10,G1563
11,G1571
12,G1701
13,G1709
14,G1711
15,G1839
16,G1951
17,G1955
18,G2051
19,G2055
20,G2069
21,G2073
22,G2087
23,G2095
24,G25
25,G2601
26,G2605
27,G2609
28,G2625
29,G2811
30,G293
31,G295
32,G307
33,G309
34,G349
35,G363
36,G365
37,G401
38,G4017
39,G403
40,G405
41,G421
42,G423
43,G427
44,G429
45,G4565
46,G4567
47,G4611
48,G485
49,G487
50,G491
51,G503
52,G505
53,G507
54,G509
55,G511
56,G517
57,G519
58,G521
59,G523
60,G525
61,G527
62,G529
63,G531
64,G533
65,G555
66,G557
67,G561
68,G563
69,G565
70,G567
71,G571
72,G573
73,G585
74,G587
75,G601
76,G603
77,G605
78,G607
79,G609
80,G611
81,G613
82,G615
83,G619
84,G621
85,G623
86,G625
87,G627
88,G6271
89,G6275
90,G6287
91,G6291
92,G6293
93,G65
94,G651
95,G653
96,G655
97,G659
98,G661
99,G663
100,G665
101,G667
102,G669
103,G67
104,G6701
105,G6703
106,G6705
107,G6707
108,G6709
109,G671
110,G6711
111,G6713
112,G6715
113,G6717
114,G6719
115,G6723
116,G673
117,G6731
118,G6733
119,G6735
120,G6741
121,G6743
122,G6745
123,G6751
124,G6753
125,G6755
126,G6757
127,G683
128,G685
129,G69
130,G691
131,G695
132,G71
133,G79
134,G801
135,G805
136,G807
137,G81
138,G83
139,G87
140,G89
141,G8907
142,G8953
143,G9061
144,G9063
145,G9071
146,G9075
147,G91
